[
    {
        "from": "\u0021",
        "to": "\u100d"
    },
    {
        "from": "\u0022",
        "to": "\u1013"
    },
    {
        "from": "\u0023",
        "to": "\u100b"
    },
    {
        "from": "\\\u0024",
        "to": "\u1000\u103a\u1015\u1039"
    },
    {
        "from": "\u0025",
        "to": "\u0025"
    },
    {
        "from": "\u0026",
        "to": "\u101b"
    },
    {
        "from": "\u0027",
        "to": "\u1012"
    },
    {
        "from": "\\\u0028",
        "to": "\u0028"
    },
    {
        "from": "\\\u0029",
        "to": "\u0029"
    },
    {
        "from": "\\\u002a",
        "to": "\u1002"
    },
    {
        "from": "\\\u002b",
        "to": "\u002b"
    },
    {
        "from": "\u002c",
        "to": "\u101a"
    },
    {
        "from": "\u002d",
        "to": "\u002d"
    },
    {
        "from": "\\\u002e",
        "to": "\u1095"
    },
    {
        "from": "\u002f",
        "to": "\u104b"
    },
    {
        "from": "\u0030",
        "to": "\u1040"
    },
    {
        "from": "\u0031",
        "to": "\u1041"
    },
    {
        "from": "\u0032",
        "to": "\u1042"
    },
    {
        "from": "\u0033",
        "to": "\u1043"
    },
    {
        "from": "\u0034",
        "to": "\u1044"
    },
    {
        "from": "\u0035",
        "to": "\u1045"
    },
    {
        "from": "\u0036",
        "to": "\u1046"
    },
    {
        "from": "\u0037",
        "to": "\u1047"
    },
    {
        "from": "\u0038",
        "to": "\u1048"
    },
    {
        "from": "\u0039",
        "to": "\u1049"
    },
    {
        "from": "\u003a",
        "to": "\u105a"
    },
    {
        "from": "\u003b",
        "to": "\u1038"
    },
    {
        "from": "\u003d",
        "to": "\u003d"
    },
    {
        "from": "\\\u003f",
        "to": "\u104a"
    },
    {
        "from": "\u0040",
        "to": "\u1091"
    },
    {
        "from": "\u0041",
        "to": "\u1017"
    },
    {
        "from": "\u0042",
        "to": "\u1080"
    },
    {
        "from": "\u0043",
        "to": "\u1003"
    },
    {
        "from": "\u0044",
        "to": "\u102e"
    },
    {
        "from": "\u0045",
        "to": "\u108f"
    },
    {
        "from": "\u0046",
        "to": "\u1064"
    },
    {
        "from": "\u0047",
        "to": "\u103c"
    },
    {
        "from": "\u0048",
        "to": "\u1036"
    },
    {
        "from": "\u0049",
        "to": "\u1088"
    },
    {
        "from": "\u004a",
        "to": "\u1032"
    },
    {
        "from": "\u004b",
        "to": "\u1033"
    },
    {
        "from": "\u004c",
        "to": "\u1034"
    },
    {
        "from": "\u004d",
        "to": "\u107e"
    },
    {
        "from": "\u004e",
        "to": "\u107f"
    },
    {
        "from": "\u004f",
        "to": "\u1025"
    },
    {
        "from": "\u0050",
        "to": "\u100f"
    },
    {
        "from": "\u0051",
        "to": "\u103d\u103a"
    },
    {
        "from": "\u0052",
        "to": "\u107c\u107d\u103c"
    },
    {
        "from": "\u0053",
        "to": "\u103d"
    },
    {
        "from": "\u0054",
        "to": "\u108a"
    },
    {
        "from": "\u0055",
        "to": "\u1095"
    },
    {
        "from": "\u0056",
        "to": "\u1020"
    },
    {
        "from": "\u0057",
        "to": "\u107d\u108a"
    },
    {
        "from": "\u0058",
        "to": "\u100c"
    },
    {
        "from": "\u0059",
        "to": "\u1037"
    },
    {
        "from": "\u005a",
        "to": "\u1007"
    },
    {
        "from": "\\\u005b",
        "to": "\u101f"
    },
    {
        "from": "\\\u005c",
        "to": "\u104f"
    },
    {
        "from": "\\\u005e",
        "to": "\u002f"
    },
    {
        "from": "\u005f",
        "to": "\u0058"
    },
    {
        "from": "\u0060",
        "to": "\u1081"
    },
    {
        "from": "\u0061",
        "to": "\u1031"
    },
    {
        "from": "\u0062",
        "to": "\u1018"
    },
    {
        "from": "\u0063",
        "to": "\u1001"
    },
    {
        "from": "\u0064",
        "to": "\u102d"
    },
    {
        "from": "\u0065",
        "to": "\u1014"
    },
    {
        "from": "\u0066",
        "to": "\u1039"
    },
    {
        "from": "\u0067",
        "to": "\u102b"
    },
    {
        "from": "\u0068",
        "to": "\u1037"
    },
    {
        "from": "\u0069",
        "to": "\u1004"
    },
    {
        "from": "\u006a",
        "to": "\u103b"
    },
    {
        "from": "\u006b",
        "to": "\u102f"
    },
    {
        "from": "\u006c",
        "to": "\u1030"
    },
    {
        "from": "\u006d",
        "to": "\u102c"
    },
    {
        "from": "\u006e",
        "to": "\u100a"
    },
    {
        "from": "\u006f",
        "to": "\u101e"
    },
    {
        "from": "\u0070",
        "to": "\u1005"
    },
    {
        "from": "\u0071",
        "to": "\u1006"
    },
    {
        "from": "\u0072",
        "to": "\u1019"
    },
    {
        "from": "\u0073",
        "to": "\u103a"
    },
    {
        "from": "\u0074",
        "to": "\u1021"
    },
    {
        "from": "\u0075",
        "to": "\u1000"
    },
    {
        "from": "\u0076",
        "to": "\u101c"
    },
    {
        "from": "\u0077",
        "to": "\u1010"
    },
    {
        "from": "\u0078",
        "to": "\u1011"
    },
    {
        "from": "\u0079",
        "to": "\u1015"
    },
    {
        "from": "\u007a",
        "to": "\u1016"
    },
    {
        "from": "\u007b",
        "to": "\u1027"
    },
    {
        "from": "\\\u007c",
        "to": "\u1092"
    },
    {
        "from": "\u007e",
        "to": "\u1082"
    },
    {
        "from": "\u0092",
        "to": "\u1085"
    },
    {
        "from": "\u00a1",
        "to": "\u100e"
    },
    {
        "from": "\u00a2",
        "to": "\u1063"
    },
    {
        "from": "\u00a3",
        "to": "\u1023"
    },
    {
        "from": "\u00a4",
        "to": "\u104e"
    },
    {
        "from": "\u00a5",
        "to": "\u1097"
    },
    {
        "from": "\u00a6",
        "to": "\u1073"
    },
    {
        "from": "\u00a7",
        "to": "\u103d"
    },
    {
        "from": "\u00a8",
        "to": "\u1076"
    },
    {
        "from": "\u00a9",
        "to": "\u1061"
    },
    {
        "from": "\u00ab",
        "to": "\u005b"
    },
    {
        "from": "\u00ac",
        "to": "\u1073"
    },
    {
        "from": "\u00ad",
        "to": "\u002d"
    },
    {
        "from": "\u00ae",
        "to": "\u107c"
    },
    {
        "from": "\u00b2",
        "to": "\u106d"
    },
    {
        "from": "\u00b3",
        "to": "\u106c"
    },
    {
        "from": "\u00b4",
        "to": "\u1075"
    },
    {
        "from": "\u00b5",
        "to": "\u003f"
    },
    {
        "from": "\u00b6",
        "to": "\u00a0"
    },
    {
        "from": "\u00b9",
        "to": "\u106f"
    },
    {
        "from": "\u00bb",
        "to": "\u005d"
    },
    {
        "from": "\u00bd",
        "to": "\u1090"
    },
    {
        "from": "\u00be",
        "to": "\u1062"
    },
    {
        "from": "\u00bf",
        "to": "\u003f"
    },
    {
        "from": "\u00c1",
        "to": "\u107a"
    },
    {
        "from": "\u00c5",
        "to": "\u1072"
    },
    {
        "from": "\u00c6",
        "to": "\u1068"
    },
    {
        "from": "\u00c7",
        "to": "\u107b"
    },
    {
        "from": "\u00c9",
        "to": "\u1072"
    },
    {
        "from": "\u00cd",
        "to": "\u1025"
    },
    {
        "from": "\u00d0",
        "to": "\u108c"
    },
    {
        "from": "\u00d1",
        "to": "\u1065\u103a"
    },
    {
        "from": "\u00d3",
        "to": "\u1009\u102c"
    },
    {
        "from": "\u00d6",
        "to": "\u1070"
    },
    {
        "from": "\u00d7",
        "to": "\u106e"
    },
    {
        "from": "\u00d8",
        "to": "\u108b"
    },
    {
        "from": "\u00da",
        "to": "\u1009"
    },
    {
        "from": "\u00dc",
        "to": "\u1078"
    },
    {
        "from": "\u00df",
        "to": "\u107d"
    },
    {
        "from": "\u00e4",
        "to": "\u1066"
    },
    {
        "from": "\u00e5",
        "to": "\u1071"
    },
    {
        "from": "\u00e6",
        "to": "\u1079"
    },
    {
        "from": "\u00e7",
        "to": "\u002c"
    },
    {
        "from": "\u00e9",
        "to": "\u1077"
    },
    {
        "from": "\u00ed",
        "to": "\u104d"
    },
    {
        "from": "\u00f1",
        "to": "\u106b"
    },
    {
        "from": "\u00f3",
        "to": "\u1086"
    },
    {
        "from": "\u00f6",
        "to": "\u1065"
    },
    {
        "from": "\u00f8",
        "to": "\u108b"
    },
    {
        "from": "\u00fa",
        "to": "\u1060"
    },
    {
        "from": "\u00fc",
        "to": "\u104c"
    },
    {
        "from": "\u00fe",
        "to": "\u1024"
    },
    {
        "from": "\u00ff",
        "to": "\u007c"
    }
]